pos_x,pos_y,pos_z,orn1_x,orn1_y,orn1_z,orn2_x,orn2_y,orn2_z,orn3_x,orn3_y,orn3_z,action1,action2,action3,action4
-0.32652056,-0.7120457,0.7997645,0.93225276,0.34866568,0.09662827,-0.35624906,0.83795327,0.41342595,0.06317746,-0.4198412,0.90539604,-0.8021221,-0.6380938,1.3947809,-0.29849407
-0.32621855,-0.71251404,0.7990524,0.9297585,0.3639381,0.055662196,-0.35507753,0.8464285,0.39683592,0.09730963,-0.38872597,0.9162003,-1.1302967,-0.84582376,1.1735914,-0.078599274
-0.32551005,-0.713539,0.7966378,0.91993475,0.39076075,-0.03203225,-0.35723108,0.8690539,0.34224454,0.16157348,-0.30339974,0.93906474,-0.31359532,-0.9369155,0.74052435,0.12801251
-0.32437432,-0.7149785,0.7925675,0.9012255,0.41264272,-0.13235784,-0.37133947,0.8928022,0.25497317,0.22338219,-0.18063864,0.9578466,1.1148076,-0.7719557,0.35521758,0.1701934
-0.32257396,-0.71682155,0.7879082,0.88078076,0.42189378,-0.21501368,-0.39780572,0.90556663,0.1473083,0.25685766,-0.04421266,0.9654374,2.078444,-0.5690149,0.20389019,0.20650053
-0.31984872,-0.7187639,0.7831883,0.8624707,0.42210785,-0.27922976,-0.42899847,0.90245587,0.039161712,0.26852304,0.086013325,0.9594254,1.9822373,-0.2066262,-0.11225356,0.19717191
-0.3162051,-0.72048444,0.77805424,0.84852976,0.4181445,-0.3242722,-0.45572644,0.8889168,-0.046262942,0.26890638,0.18703489,0.94483185,1.9598335,0.080525875,-0.29613328,0.24139339
-0.31169027,-0.7217365,0.77233464,0.84058505,0.41598162,-0.3469526,-0.4747771,0.8741518,-0.102202594,0.26077482,0.25063512,0.93229747,1.9929283,0.24550822,-0.3788056,0.25033954
-0.30628836,-0.7223053,0.7660123,0.8364968,0.4188306,-0.35334697,-0.48702708,0.8637944,-0.12908852,0.25115293,0.28007168,0.92654306,2.0119233,0.33682865,-0.37967807,0.23633626
-0.299978,-0.7220107,0.75922275,0.8345408,0.426962,-0.3482027,-0.49473166,0.85887164,-0.13259009,0.24245049,0.28291875,0.927995,2.034238,0.37534776,-0.33761805,0.20229045
-0.2927272,-0.72074515,0.75216216,0.8333001,0.4388022,-0.3362492,-0.49942845,0.858341,-0.11756716,0.23702773,0.26590115,0.9344059,2.018147,0.37635472,-0.28863662,0.15894836
-0.2845117,-0.7184798,0.7450649,0.8323872,0.45281875,-0.31951016,-0.502139,0.8601855,-0.08909242,0.23449527,0.23459788,0.9433853,1.932601,0.345659,-0.23591043,0.10900757
-0.27530488,-0.71526283,0.73817694,0.8318606,0.4675647,-0.29898357,-0.5034167,0.86248624,-0.051857002,0.23362273,0.19365112,0.9528482,1.7313613,0.2869882,-0.17827635,0.054774858
-0.26507658,-0.7112104,0.7317161,0.83164316,0.48164493,-0.27638343,-0.50353247,0.86392283,-0.009607241,0.23414668,0.14715783,0.9609994,1.4034917,0.1916435,-0.14286163,-0.006255226
-0.25381708,-0.70646924,0.72574854,0.83083534,0.493277,-0.25766328,-0.5033589,0.86355215,0.030124813,0.23736556,0.10466835,0.96576506,1.066442,0.07486948,-0.21848579,-0.033115506
-0.24155885,-0.7012399,0.7201864,0.82983124,0.50262153,-0.24238755,-0.5031313,0.8617968,0.064539574,0.24132778,0.06839579,0.96803045,0.726344,-0.059838623,-0.35617715,-0.044332344
-0.22843322,-0.69570667,0.71483177,0.8314739,0.5107626,-0.21856995,-0.5046872,0.8588894,0.08717725,0.23225428,0.037823852,0.9719194,0.3702426,-0.13518728,-0.42767668,-0.056334868
-0.21463719,-0.690016,0.70938265,0.8376423,0.51677847,-0.1769051,-0.50884604,0.85601103,0.091218844,0.19857265,0.0136087,0.9799917,0.21821554,-0.11908557,-0.31961876,0.02369495
-0.20026991,-0.6842572,0.7035224,0.84369695,0.5207117,-0.13051699,-0.5140748,0.8537277,0.08292138,0.15460412,-0.0028650116,0.9879723,0.40993527,-0.103643596,-0.22481932,0.087769024
-0.18538323,-0.67849094,0.69721985,0.8460105,0.5251318,-0.09221083,-0.52028096,0.8509168,0.07244583,0.116507344,-0.013314397,0.9931006,0.84349906,-0.077933006,-0.11371215,0.044730313
-0.1700239,-0.6727675,0.69097954,0.8450672,0.5304819,-0.06671147,-0.52697945,0.84749156,0.063645594,0.09030024,-0.018629232,0.99574035,1.0912749,-0.06760001,0.029028177,-0.009141365
-0.15428182,-0.6671099,0.68525994,0.84273744,0.5356712,-0.05338543,-0.53323376,0.844259,0.053744134,0.07386031,-0.016825281,0.99712664,0.97895813,-0.06605041,0.08872667,-0.021644304
-0.13824672,-0.6615119,0.68013906,0.84000367,0.54026663,-0.050057933,-0.53873694,0.84145796,0.041364968,0.064469755,-0.007778668,0.99788934,0.70631987,-0.08609341,0.067992374,-0.024101974
-0.12197585,-0.6559654,0.67541647,0.8375878,0.5436195,-0.054079115,-0.5427617,0.839324,0.030739132,0.06210029,0.0036053522,0.9980634,0.3654943,-0.12544104,-0.034940153,-0.007315384
-0.10556742,-0.65044606,0.67066634,0.83608323,0.5458732,-0.054655552,-0.5456829,0.8377609,0.01966675,0.056523837,0.013381561,0.9983116,0.24676211,-0.119274355,-0.09918684,0.031267405
-0.08908498,-0.6449271,0.66551715,0.83499616,0.5483059,-0.04628229,-0.5485991,0.83605415,0.0072445516,0.042666733,0.01934125,0.99890214,0.41245857,-0.11661592,-0.09084658,0.05983571
-0.07253954,-0.63937014,0.6599927,0.8332587,0.5518262,-0.03417314,-0.5522923,0.8336336,-0.0053112395,0.025556996,0.023299199,0.9994018,0.7287567,-0.09527351,-0.018865436,0.048625655
-0.05594062,-0.633736,0.6544781,0.8306096,0.5562487,-0.025980305,-0.5567161,0.8305404,-0.016423324,0.01244224,0.028105024,0.9995275,0.95885324,-0.06839797,0.06790309,0.013870416
-0.03932263,-0.62798434,0.6494086,0.8276454,0.5606656,-0.025632562,-0.5612137,0.82725483,-0.02623915,0.006493272,0.03610206,0.999327,0.9072267,-0.05467835,0.11963014,-0.007573815
-0.022717437,-0.6220811,0.6449178,0.8249858,0.5641962,-0.032880425,-0.56510407,0.8242861,-0.03478374,0.0074780253,0.04727695,0.9988538,0.6217526,-0.06405547,0.080213785,-0.019779207
-0.0061463225,-0.6160131,0.6407418,0.8230273,0.5663788,-0.042908046,-0.5678783,0.8220721,-0.041372173,0.011841187,0.05841698,0.99822205,0.31654876,-0.08029001,-0.02706112,-0.008653598
0.010349613,-0.6097812,0.6364258,0.8217553,0.5679867,-0.045926668,-0.56974936,0.82039255,-0.04839167,0.010192071,0.0659328,0.99777204,0.45860684,-0.08487182,0.063675195,0.21805896
0.026818959,-0.60333395,0.63180256,0.8187151,0.5722702,-0.047036253,-0.5741564,0.8169109,-0.054781616,0.0070745414,0.0718567,0.99738985,0.6368456,-0.072333924,0.04938516,0.18867351
0.04329016,-0.5966016,0.62713635,0.8123175,0.5809356,-0.051517688,-0.58317786,0.81009233,-0.060447235,0.006618138,0.079146326,0.996841,0.7893274,-0.027911007,0.024848163,0.090845235
0.059728075,-0.58957225,0.62270993,0.8044715,0.5913568,-0.055880792,-0.5939499,0.8019569,-0.063941225,0.0070018996,0.08462929,0.9963879,0.7998363,0.0066252574,0.014887705,0.022334283
0.07611522,-0.5822486,0.6186488,0.79727894,0.60076696,-0.058526754,-0.6035519,0.7948025,-0.063357905,0.008453876,0.085837856,0.9962733,0.64822304,0.014004402,-0.013159767,-0.0026397277
0.09244266,-0.57463735,0.61484736,0.7916206,0.60819393,-0.058625408,-0.6109365,0.78938687,-0.060207497,0.009660289,0.0834779,0.9964628,0.46039322,0.009064816,-0.024184182,0.0037392434
0.10871159,-0.566758,0.61102897,0.7872999,0.61399394,-0.056305323,-0.6164977,0.7853186,-0.056614064,0.009456928,0.07928435,0.99680716,0.39869988,-0.002400782,-0.018219724,0.014199575
0.124930575,-0.55862457,0.60698986,0.78377306,0.61875254,-0.053339705,-0.6209913,0.78196055,-0.053921692,0.00834536,0.07538586,0.9971195,0.4873318,-0.0072624013,-0.0117447525,0.018424602
0.14110437,-0.55024445,0.6027503,0.78068274,0.6228476,-0.050944205,-0.6248862,0.7789702,-0.052178953,0.00718448,0.07256954,0.99733746,0.6378579,-0.0034659803,-0.0074994117,0.018076738
0.15723178,-0.54161793,0.5985061,0.77788603,0.62647843,-0.04917439,-0.6283729,0.7762569,-0.050723046,0.0063950634,0.0703566,0.99750143,0.7397156,0.0019461662,-0.0068300366,0.014345931
0.17331032,-0.53274566,0.5944691,0.77536416,0.629706,-0.047757026,-0.6314841,0.7738474,-0.04886769,0.006184373,0.06804806,0.9976629,0.72564316,0.0049533993,-0.011833623,0.007487567
0.18933594,-0.52363694,0.59071636,0.7731736,0.63251686,-0.046098072,-0.63416475,0.77179533,-0.046550926,0.0061340323,0.06522572,0.99785167,0.62154424,0.0049739927,-0.014655575,0.00036258064
0.20530589,-0.51431006,0.58714986,0.77139086,0.6348409,-0.043968577,-0.63633496,0.77014834,-0.044152386,0.00583259,0.06203749,0.99805677,0.52329606,0.0029156506,-0.01114285,-0.0026325975
0.22122201,-0.5047851,0.5835972,0.77001804,0.6366478,-0.041854266,-0.6379983,0.7688982,-0.041879397,0.0055192425,0.05895084,0.99824566,0.5079156,-0.0014434792,-0.0070715994,-0.0014149304
0.23708464,-0.49507603,0.5799642,0.7689675,0.6380275,-0.040123664,-0.6392664,0.76794046,-0.040075134,0.005243546,0.056466185,0.99839073,0.57264197,-0.0025603734,-0.0052820146,0.0017067809
0.25289434,-0.4851909,0.5762916,0.7681097,0.639144,-0.0387618,-0.64029855,0.76715326,-0.038649295,0.0050337734,0.05450602,0.99850076,0.65663886,0.00020181388,-0.004901096,0.0030451398
0.2686511,-0.4751347,0.5727028,0.7673475,0.6401289,-0.037587408,-0.641212,0.76646215,-0.03718877,0.005003722,0.052638207,0.99860114,0.69632876,0.0020014048,-0.006384909,8.289702e-05
0.28435364,-0.46491247,0.56930363,0.7666793,0.6409994,-0.036367796,-0.6420103,0.76587105,-0.03555644,0.0050613866,0.050608885,0.99870574,0.66781425,0.0017868206,-0.006937757,-0.004604688
0.30000135,-0.45453304,0.56610423,0.766171,0.6416803,-0.03504784,-0.6426163,0.7654411,-0.033823572,0.005123141,0.04843696,0.9988131,0.6026032,-0.00059921294,-0.005844295,-0.006918596
0.3155944,-0.44400746,0.5630266,0.7658626,0.64211786,-0.03375117,-0.6429841,0.76519847,-0.03229167,0.005091288,0.04643245,0.99890846,0.5583526,-0.0048051476,-0.0034105182,-0.006638052
0.3311337,-0.43334585,0.55997854,0.76572347,0.6423404,-0.03265677,-0.643151,0.7651035,-0.031199863,0.0049448786,0.0448937,0.9989795,0.5669488,-0.0071438104,-0.0020700693,-0.0046934765
0.3466197,-0.42255557,0.5569289,0.76568425,0.6424298,-0.03180485,-0.6431993,0.76508975,-0.030533463,0.0047179577,0.04383585,0.9990276,0.61342764,-0.0066101067,-0.0026557595,-0.0037345607
0.36205208,-0.41164112,0.55392253,0.7656883,0.6424633,-0.031018946,-0.6431966,0.7651104,-0.030068958,0.004414715,0.042974733,0.9990664,0.6567154,-0.004766926,-0.0029752702,-0.005117705
0.37743005,-0.40060547,0.5510338,0.7657312,0.6424505,-0.030217713,-0.6431473,0.76517326,-0.02952028,0.0041564684,0.04203904,0.9991073,0.6646267,-0.004257653,-0.0032788813,-0.007838076
0.39275217,-0.38945207,0.5483069,0.7658513,0.642346,-0.02938344,-0.64300567,0.765317,-0.028872548,0.00394148,0.041005798,0.9991511,0.63597393,-0.0060440265,-0.0025898367,-0.009733705
0.40801728,-0.37818524,0.545725,0.7660836,0.64210564,-0.028571723,-0.6427304,0.76556873,-0.02832274,0.0036874278,0.0400615,0.9991904,0.59866464,-0.008910466,-0.0007907152,-0.00955447
0.42322496,-0.3668093,0.54323256,0.76641613,0.64173734,-0.02792133,-0.64233553,0.7659098,-0.02805962,0.003378313,0.039440207,0.9992162,0.5841373,-0.011227377,-0.00016130507,-0.008488962
0.43837428,-0.3553282,0.54078543,0.7668087,0.6412901,-0.02741196,-0.6418689,0.76629734,-0.028154247,0.002950673,0.039183807,0.99922764,0.6000713,-0.01115473,0.00019057095,-0.008094663
0.4534648,-0.34374407,0.5383827,0.76723194,0.6408015,-0.02699275,-0.64136493,0.7667086,-0.02843927,0.0024716484,0.03913172,0.999231,0.6293067,-0.009141788,-0.00016497076,-0.00909034
0.46849513,-0.33205834,0.5360608,0.7676841,0.6402766,-0.026588187,-0.64082515,0.7671515,-0.028664675,0.0020438444,0.039043795,0.9992354,0.64704883,-0.007151939,-0.0007612258,-0.0111379735
0.48346356,-0.32027158,0.53385895,0.76819557,0.63968164,-0.026134396,-0.640213,0.7676613,-0.028697157,0.0017053206,0.03877661,0.9992465,0.6404376,-0.006656207,-1.4811754e-05,-0.012901096
0.49836856,-0.30838466,0.5317865,0.7687955,0.638978,-0.02570337,-0.63949305,0.76826507,-0.028592147,0.0014772472,0.03841864,0.99926066,0.61865556,-0.0075159296,0.00031627715,-0.013269447
0.5132096,-0.29639935,0.52981997,0.76948166,0.63816655,-0.025326414,-0.63866764,0.768954,-0.028520057,0.0012743013,0.03812082,0.99927235,0.60084724,-0.008482039,0.0012527853,-0.012700764
0.52798617,-0.28431737,0.5279256,0.770233,0.63727087,-0.02504055,-0.6377618,0.76970375,-0.028568942,0.0010676492,0.037974644,0.9992781,0.6007254,-0.008111298,0.001338765,-0.012356022
0.542698,-0.27214035,0.5260873,0.7710195,0.6363276,-0.024821064,-0.6368109,0.77048606,-0.028688967,0.00086870225,0.037926078,0.99928015,0.6152048,-0.005947113,0.0009712428,-0.013207916
0.55734533,-0.25986984,0.5243156,0.7718402,0.63534045,-0.024599105,-0.6358161,0.7713067,-0.028702736,0.0007374449,0.037794434,0.9992853,0.6299196,-0.002963744,0.0006275028,-0.015080441
0.57192796,-0.24750726,0.5226337,0.77271575,0.63428515,-0.024346383,-0.6347518,0.7721925,-0.028443089,0.0007590653,0.03743233,0.9992989,0.6328938,-0.00046123192,0.00011381507,-0.016979808
0.58644605,-0.23505461,0.5210563,0.773678,0.6331226,-0.02404309,-0.6335783,0.7731761,-0.027879817,0.0009381989,0.036803182,0.9993221,0.6227869,0.001028508,0.0003196746,-0.017936675
0.60090005,-0.22251454,0.51957786,0.7747346,0.6318413,-0.023724284,-0.63228524,0.77426267,-0.027067862,0.0012662355,0.035970926,0.99935204,0.6089393,0.0018492341,0.00074742734,-0.017943982
0.61529195,-0.20989044,0.5181778,0.77587175,0.6304549,-0.023443507,-0.6308883,0.7754338,-0.02612186,0.0017102322,0.035057448,0.9993838,0.60173976,0.002607897,0.0013753772,-0.01785468
0.6296242,-0.19718625,0.51683813,0.77706486,0.62899154,-0.023235342,-0.62941647,0.7766629,-0.025092907,0.0022628019,0.03412352,0.99941504,0.6051202,0.004303515,0.0010402799,-0.0180993
0.6438994,-0.18440662,0.5155551,0.7783017,0.6274674,-0.023045849,-0.6278837,0.77793956,-0.02391819,0.0029203962,0.03308568,0.99944824,0.61328804,0.006489329,0.000926882,-0.01940325
0.6581201,-0.17155604,0.51433784,0.77958775,0.62587583,-0.022855368,-0.6262821,0.7792701,-0.02255564,0.003693477,0.03189801,0.9994843,0.61871135,0.008844376,6.248057e-05,-0.02078217
0.6722897,-0.1586404,0.5131972,0.7809393,0.624198,-0.02259961,-0.6245901,0.7806728,-0.020909473,0.0045912513,0.030444521,0.9995259,0.6163758,0.010506809,-0.00014965236,-0.021905087
0.6864115,-0.14566523,0.5121361,0.782366,0.6224197,-0.022297122,-0.6227939,0.782154,-0.019045452,0.0055855196,0.028787026,0.99956995,0.6082084,0.011007629,0.0002129823,-0.022314476
0.70049006,-0.13263695,0.51114595,0.78386444,0.62054193,-0.022005389,-0.62089616,0.78370744,-0.017046636,0.006667634,0.027025312,0.9996125,0.6010506,0.011201799,5.811453e-05,-0.02180107
0.7145295,-0.11956256,0.51021403,0.78541285,0.61859095,-0.021722613,-0.61892325,0.78530854,-0.014985991,0.007788754,0.02521482,0.99965173,0.5984037,0.010948785,0.000979349,-0.021931263
0.7285346,-0.106448546,0.50933254,0.78699243,0.61658734,-0.021516215,-0.61689794,0.7869363,-0.012969628,0.008934984,0.02348031,0.9996844,0.601568,0.011244759,0.00028024614,-0.022017507
0.7425099,-0.09330264,0.5085011,0.788595,0.61454356,-0.021310005,-0.61483014,0.7885838,-0.010928054,0.010088961,0.021719843,0.9997132,0.6055939,0.011683874,0.00029306114,-0.022959327
0.7564601,-0.0801317,0.5077261,0.7902252,0.6124532,-0.021099593,-0.61271375,0.7902549,-0.008895153,0.01122619,0.019957185,0.9997378,0.60653484,0.0118637085,7.7828765e-05,-0.023898952
0.7703899,-0.06694323,0.5070112,0.7918948,0.6103006,-0.020874988,-0.6105323,0.7919619,-0.0068263505,0.012366071,0.018150607,0.9997588,0.6036017,0.011767067,-0.00031518936,-0.024148257
0.7843033,-0.053744316,0.5063547,0.79360574,0.6080827,-0.020622563,-0.6082831,0.7937059,-0.0047601694,0.013473671,0.016322054,0.999776,0.59794325,0.010773018,0.0005490929,-0.024328228
0.79820514,-0.040541463,0.50574994,0.7953475,0.6058097,-0.020420324,-0.6059791,0.79547566,-0.0027943766,0.014551011,0.014596789,0.99978757,0.5944269,0.009811074,0.0002452582,-0.023666058
0.81209975,-0.027341569,0.50518864,0.79710555,0.60350066,-0.020239757,-0.603639,0.79725724,-0.0009233607,0.015579046,0.012953523,0.9997947,0.59384155,0.008731335,0.00085558,-0.023671651
0.8259911,-0.014150433,0.50466794,0.7988647,0.60117435,-0.020112833,-0.6012835,0.79903543,0.0007690154,0.01653318,0.011479175,0.9997974,0.59599924,0.00800699,0.00056912005,-0.02386407
0.83988315,-0.00097442744,0.5041881,0.8006273,0.5988288,-0.019999435,-0.5989092,0.8008135,0.002357646,0.017427644,0.010090249,0.9997972,0.59812003,0.0075455606,0.00029797852,-0.024325686
0.85377896,0.012180937,0.50375307,0.80239666,0.59646004,-0.019873407,-0.59651226,0.8025947,0.0038380176,0.018239515,0.008775117,0.99979514,0.59749025,0.0068643466,0.0005107522,-0.02495574
0.86768246,0.025310477,0.50336343,0.8041818,0.59405506,-0.01975438,-0.59407985,0.8043891,0.005223737,0.018993396,0.0075348457,0.9997912,0.5948103,0.006192833,0.00023008883,-0.02487115
0.88159615,0.038409285,0.5030163,0.80598164,0.59161496,-0.019629803,-0.59161305,0.8061956,0.0065262583,0.019686494,0.0063532037,0.999786,0.5909548,0.0051532984,0.00087566674,-0.024849592
0.89552253,0.05147346,0.5027059,0.80778855,0.5891481,-0.019548224,-0.58912194,0.8080076,0.007685252,0.020322865,0.005308227,0.9997794,0.58855057,0.0043335706,0.00091549754,-0.024624197
0.9094644,0.06449884,0.50242686,0.80959433,0.58666575,-0.01950189,-0.58661693,0.8098174,0.008737417,0.020918911,0.004366374,0.99977165,0.58794236,0.003664866,0.0011949986,-0.02486104
0.92342407,0.077482074,0.50217664,0.81139994,0.58416617,-0.019494696,-0.584097,0.8116263,0.0096615255,0.021466345,0.003547432,0.99976325,0.5884148,0.0032457337,0.0012580007,-0.025426442
0.9374037,0.09041977,0.501954,0.8132109,0.581642,-0.019511905,-0.5815538,0.81344014,0.0105074905,0.021983365,0.002802418,0.9997544,0.5887932,0.0031410009,0.0010497421,-0.025989762
0.95140475,0.10330889,0.5017599,0.8150343,0.5790835,-0.019528925,-0.57897705,0.8152655,0.011300293,0.022465073,0.002096673,0.9997454,0.5875774,0.0030501112,0.0012995154,-0.026695827
0.96542966,0.11614681,0.5015931,0.81687784,0.5764789,-0.019561423,-0.5763547,0.8171108,0.012053598,0.022932494,0.0014279991,0.999736,0.5854161,0.0031419173,0.0011778921,-0.027047718
0.97947925,0.1289309,0.5014504,0.8187449,0.57382286,-0.019599322,-0.5736805,0.8189791,0.012804573,0.023398992,0.00076006976,0.99972594,0.58287776,0.0031209588,0.0015671998,-0.02748418
0.9935563,0.14165902,0.50132775,0.8206335,0.57111627,-0.019670112,-0.570956,0.8208692,0.013529578,0.023873553,0.0001279456,0.999715,0.5813376,0.0031469986,0.001668796,-0.027940797
1.0076622,0.1543288,0.5012211,0.82254434,0.5683572,-0.019768378,-0.5681786,0.8227817,0.01425662,0.024367915,-0.0004947317,0.99970293,0.5810188,0.0032233745,0.001779303,-0.02862286
1.0217985,0.16693817,0.50112927,0.8244796,0.565542,-0.019893354,-0.5653449,0.82471883,0.014968555,0.02487177,-0.0010946605,0.99969006,0.58112407,0.0034122095,0.002023682,-0.029638814
1.0359666,0.1794849,0.5010516,0.8264475,0.56265676,-0.020047266,-0.5624406,0.8266889,0.01568643,0.02539893,-0.0016886116,0.999676,0.5810039,0.0038218051,0.0019788295,-0.030714082
1.0501692,0.19196662,0.5009877,0.8284568,0.5596879,-0.020217072,-0.5594514,0.82870024,0.016431618,0.025950473,-0.0023024166,0.99966055,0.57961035,0.0042329878,0.002530247,-0.03199406
1.0644077,0.20438132,0.50093645,0.8305162,0.55661947,-0.020435233,-0.55636126,0.8307625,0.017201941,0.02655176,-0.0029171198,0.9996432,0.5777309,0.004865639,0.0026763529,-0.033068456
1.0786846,0.2167266,0.5008943,0.8326321,0.5534398,-0.02069109,-0.55315727,0.8328815,0.01803899,0.027216723,-0.0035744146,0.9996232,0.57559836,0.0054937527,0.003423676,-0.034319952
1.0930028,0.22900054,0.50085795,0.8348045,0.55014485,-0.021025598,-0.5498356,0.83505845,0.018922912,0.027967947,-0.0042363084,0.9995998,0.5740142,0.006288588,0.0038205236,-0.035840683
1.1073639,0.2412004,0.50082386,0.8370439,0.546716,-0.021427175,-0.5463762,0.83730346,0.019896615,0.028818846,-0.004947041,0.9995724,0.57290983,0.0071580857,0.004045233,-0.03798858
1.1217718,0.25332382,0.5007898,0.83936065,0.5431341,-0.021887524,-0.5427599,0.8396266,0.020950206,0.029756118,-0.005705107,0.9995409,0.5712862,0.008051142,0.0046539456,-0.040826008
1.1362292,0.26536795,0.50075305,0.8417778,0.53935856,-0.022414984,-0.5389451,0.8420509,0.022099722,0.030794233,-0.006522613,0.99950445,0.56903577,0.009082936,0.004586175,-0.04398279
1.1507394,0.27732936,0.5007102,0.8443185,0.5353487,-0.022979092,-0.53489035,0.8445984,0.023362726,0.03191531,-0.007434287,0.9994629,0.56503296,0.009928964,0.0057825893,-0.04775116
1.1653062,0.28920543,0.50065607,0.8470063,0.53105646,-0.023650775,-0.53054756,0.84729505,0.024706675,0.033159822,-0.0083788475,0.9994149,0.56041396,0.010923162,0.005914584,-0.051939175
1.1799339,0.3009922,0.5005829,0.84986764,0.5264313,-0.024392912,-0.52586454,0.8501655,0.026173837,0.03451674,-0.0094169285,0.9993597,0.5546787,0.011588693,0.007289797,-0.057169348
1.1946272,0.31268647,0.50048244,0.8529292,0.52141416,-0.025282444,-0.52078307,0.8532397,0.027694317,0.03601219,-0.01045462,0.99929667,0.5485379,0.012567371,0.0076736957,-0.06349748
1.2093903,0.32428423,0.5003442,0.8562325,0.5159219,-0.026278237,-0.5152179,0.85655755,0.02931896,0.037635114,-0.0115648275,0.9992246,0.5428246,0.014699079,0.0074670613,-0.071580574
1.2242285,0.33578074,0.50015795,0.8598286,0.5098503,-0.02734023,-0.5090632,0.86016786,0.031081084,0.039363887,-0.0128065,0.9991429,0.5370408,0.018158093,0.007835537,-0.08190699
1.2391474,0.34717053,0.49991345,0.863783,0.5030598,-0.028457405,-0.50217193,0.8641329,0.033133753,0.041259237,-0.014329863,0.9990457,0.5315229,0.02369529,0.0061880797,-0.09496662
1.2541516,0.35844603,0.49959955,0.8681835,0.49536356,-0.029534856,-0.4943478,0.86853117,0.03568975,0.043331347,-0.016384762,0.9989264,0.5277455,0.03221923,0.0059422553,-0.11101247
1.2692478,0.3695979,0.49920702,0.87312937,0.48652682,-0.030606171,-0.4853418,0.873455,0.038983174,0.04569947,-0.019182902,0.998771,0.5292195,0.04633777,0.002380252,-0.13096112
1.2844424,0.38061067,0.4987299,0.8787402,0.47625884,-0.031514235,-0.4748317,0.8789942,0.043633584,0.048481714,-0.023378627,0.9985504,0.5329709,0.06280662,0.0011567324,-0.15451533
1.2997453,0.39146593,0.49817082,0.8851306,0.46421805,-0.03233452,-0.46245065,0.88523823,0.049926598,0.051800583,-0.029238435,0.9982293,0.53738815,0.08159679,-0.001973763,-0.18046828
1.3151667,0.40213728,0.49753305,0.89240444,0.4500232,-0.0330683,-0.44777283,0.8922359,0.058435753,0.055802163,-0.037341237,0.9977433,0.5419315,0.10539439,-0.005326733,-0.21242094
1.3307179,0.4125919,0.49682266,0.900641,0.4332507,-0.03375766,-0.43034258,0.8999984,0.069340184,0.060423527,-0.047923252,0.99702173,0.54926395,0.14039198,-0.008446977,-0.2554911
1.3464139,0.4227816,0.49604172,0.90995693,0.41326088,-0.034550972,-0.40941745,0.9084956,0.08374419,0.06599761,-0.06205784,0.9958881,0.55993366,0.18341494,-0.014673665,-0.30748323
1.3622704,0.43264434,0.49519777,0.9204579,0.38921887,-0.035580114,-0.3840346,0.9175875,0.10271616,0.07262693,-0.08088191,0.99407417,0.57848287,0.22445485,-0.021628134,-0.36039904
1.3783004,0.44210657,0.4943068,0.9321331,0.360274,-0.036477827,-0.35334507,0.92696583,0.12602235,0.07921627,-0.104580335,0.9913565,0.61611533,0.2671738,-0.03403622,-0.41142872
1.3945209,0.4510747,0.4933788,0.94469833,0.32583034,-0.037143674,-0.31674373,0.93591565,0.15406272,0.08496165,-0.13377777,0.9873627,0.69705856,0.30227017,-0.05555532,-0.45833215
1.4109427,0.45944124,0.4924464,0.9576401,0.28559005,-0.036929075,-0.27423948,0.9435798,0.18560702,0.08785305,-0.16761732,0.9819299,0.8270744,0.32853708,-0.08765078,-0.50003535
1.4275825,0.46706662,0.49154618,0.97013134,0.23982832,-0.036435932,-0.22616406,0.9485337,0.22166097,0.08772129,-0.20679975,0.97444284,0.99133873,0.34006897,-0.14039834,-0.53754807
1.4444401,0.47378874,0.49076027,0.9813622,0.188968,-0.034918044,-0.1735573,0.94957876,0.26110917,0.082498714,-0.2501824,0.9646775,1.1614175,0.32936564,-0.20264661,-0.55995446
1.4615058,0.4794243,0.49010342,0.9904517,0.13361843,-0.033935074,-0.11708478,0.94525546,0.30460337,0.07277794,-0.29772162,0.95187455,1.2328582,0.29653275,-0.26345134,-0.5614335
1.4787388,0.48378703,0.4895732,0.9966667,0.07414781,-0.03402168,-0.057614625,0.93499875,0.34993967,0.057757497,-0.3468131,0.93615425,1.2681013,0.21864632,-0.35804477,-0.5313581
1.4960693,0.48668975,0.48916486,0.999403,0.0108082155,-0.032815307,0.0029600076,0.9195298,0.39300916,0.034422383,-0.39287165,0.9189488,1.279531,0.09434813,-0.43258357,-0.48627293
1.5133947,0.48797095,0.48890638,0.9980767,-0.056229617,-0.026098922,0.061990257,0.90283173,0.4255021,-0.00036288344,-0.4263016,0.904581,1.5947669,-0.3788737,-0.813427,-0.5686073
1.53054,0.48762798,0.4886529,0.99155337,-0.12958618,-0.005416096,0.11889454,0.89147145,0.4371988,-0.051826622,-0.4341499,0.8993486,1.5559036,-0.520167,-0.62171435,-0.50890267
1.547351,0.4857121,0.48835403,0.9782845,-0.20582095,0.02443809,0.1766507,0.8896371,0.42111796,-0.10841593,-0.40765613,0.9066766,1.4862866,-0.52024853,-0.32735646,-0.3462037
1.5636387,0.4822152,0.48816043,0.95857215,-0.27918053,0.05654819,0.23682699,0.89141333,0.38638738,-0.15827964,-0.35698804,0.9206015,1.387928,-0.45163295,-0.03800045,-0.21345447
1.5792904,0.4772749,0.48791307,0.93577164,-0.34324217,0.080723114,0.2953609,0.8880765,0.35225272,-0.19259629,-0.30578566,0.93241715,1.4194206,-0.40879652,0.16395871,-0.15438834
1.5942563,0.4710662,0.4874119,0.9143604,-0.39520964,0.08805896,0.34753296,0.8776197,0.33015826,-0.20776401,-0.27128026,0.9398091,1.4962931,-0.4104044,0.25731635,-0.09935677
1.6084569,0.46375993,0.48667508,0.89511234,-0.43795824,0.083465315,0.39340666,0.86396086,0.3143293,-0.20977387,-0.24852423,0.9456377,1.5792234,-0.4339151,0.26639152,-0.030843543
1.6218483,0.4554839,0.4857256,0.87743896,-0.47376555,0.07514699,0.4331233,0.84981155,0.30037394,-0.20616761,-0.2310119,0.9508567,1.6065905,-0.4503001,0.27224493,0.034565456
1.6344298,0.44633684,0.48455948,0.8611813,-0.50367993,0.068361394,0.4667107,0.8368178,0.2862116,-0.20136507,-0.21457508,0.95572466,1.6310436,-0.45594338,0.27508318,0.08839665
1.6462252,0.43639192,0.4831641,0.8469122,-0.527854,0.06410835,0.49412736,0.82581013,0.271801,-0.19641255,-0.19851388,0.9602158,1.6488509,-0.45299703,0.29215294,0.1243338
1.6572614,0.4257083,0.48154616,0.83533406,-0.54631525,0.061291687,0.5155713,0.81722116,0.25755745,-0.19079642,-0.18354627,0.9643171,1.69093,-0.44929275,0.30093205,0.14866462
1.6675632,0.414343,0.47974318,0.82681113,-0.55942345,0.058555435,0.53179604,0.81137407,0.24262136,-0.18323843,-0.1694625,0.96835226,1.7400651,-0.44501665,0.3018244,0.16431111
1.6771626,0.4023485,0.47781956,0.82151127,-0.5676115,0.054188356,0.54366124,0.8083931,0.22568363,-0.17190611,-0.15594155,0.97269243,1.7975707,-0.43997148,0.281757,0.1748012
1.6860865,0.38978073,0.47585788,0.8190063,-0.57166153,0.049313072,0.5516975,0.80818194,0.20608729,-0.15766609,-0.1415809,0.9772903,1.8444483,-0.42853513,0.26016355,0.18023962
1.6943816,0.37669456,0.47394884,0.8190456,-0.57206595,0.04364403,0.55631983,0.8104892,0.18334547,-0.14025873,-0.12588827,0.98207927,1.8872058,-0.4078702,0.23372273,0.18080424
1.7020992,0.36314952,0.4721785,0.82117665,-0.5694082,0.03798977,0.55766124,0.8148067,0.15844244,-0.12117274,-0.108923815,0.9866371,1.9270318,-0.37986183,0.20178385,0.17863706
1.7093061,0.34921002,0.47064126,0.82512224,-0.56405145,0.031924773,0.555931,0.8207055,0.13184504,-0.100568235,-0.09104031,0.9907561,1.9532492,-0.34051928,0.17526825,0.17198555
1.7160736,0.3349442,0.46942082,0.83048815,-0.5564447,0.02566498,0.5513027,0.8276607,0.1050864,-0.079716675,-0.07312384,0.99413186,1.9754602,-0.29810244,0.13635139,0.16107568
1.7224803,0.32042482,0.46860927,0.8369321,-0.54696923,0.01921739,0.5440999,0.8353107,0.07881224,-0.059160367,-0.05550432,0.9967042,1.9759202,-0.24605191,0.107540414,0.14451693
1.7286041,0.30572295,0.46829227,0.84408605,-0.536065,0.012371298,0.5347564,0.84327376,0.054082762,-0.03942427,-0.039034873,0.9984598,1.963419,-0.19447768,0.063355654,0.12172608
1.7345223,0.29091206,0.46855947,0.8515584,-0.5242301,0.00558138,0.5238332,0.8512466,0.03127359,-0.021145685,-0.023707572,0.99949527,1.9223992,-0.13788226,0.026008114,0.09340854
1.7403125,0.27606064,0.4694998,0.85898226,-0.51200294,-0.001552666,0.5119893,0.85892755,0.010511074,-0.0040480746,-0.009823775,0.99994355,1.8576856,-0.08229606,-0.025753453,0.062314972
1.74602,0.26122874,0.4710996,0.8659936,-0.5000231,-0.005655448,0.49999833,0.86601037,-0.005271746,0.007533671,0.0017375834,0.99997014,1.7769763,-0.025287017,-0.032341495,0.022890178
1.7516819,0.2464621,0.47328404,0.87241447,-0.4887347,-0.0056025577,0.48862037,0.8723764,-0.014477847,0.011963366,0.009893159,0.9998795,1.6917288,0.017759696,-0.01043652,-0.011282409
1.757333,0.23180172,0.47599027,0.87800676,-0.4786361,-0.003409818,0.47849146,0.87787926,-0.019340023,0.012250241,0.015349102,0.9998072,1.6010017,0.04153514,0.016824588,-0.029628085
1.762994,0.21727408,0.47918722,0.8826202,-0.47008383,-0.0016493731,0.46993893,0.88242525,-0.0219778,0.011786857,0.018622948,0.9997571,1.5011688,0.051995948,0.037785113,-0.032873437
1.7686728,0.20289592,0.4828821,0.8862985,-0.4631125,-0.0013502493,0.46295688,0.8860692,-0.023504103,0.012081459,0.020206543,0.99972284,1.390321,0.056642532,0.050332993,-0.024800995
1.774375,0.18867391,0.4871083,0.88919944,-0.45751077,-0.002875016,0.45731765,0.8889758,-0.024136662,0.013598601,0.020147512,0.99970454,1.2634118,0.06005203,0.05634345,-0.01044202
1.7801107,0.17460352,0.49190587,0.8915464,-0.45288453,-0.0063734595,0.45263705,0.8913883,-0.023380455,0.016269872,0.017959896,0.9997063,1.134475,0.059194766,0.054812774,0.0017582979
1.7858934,0.16067068,0.49731308,0.8935386,-0.44882983,-0.011859113,0.44854656,0.89352065,-0.020663433,0.019870726,0.01314421,0.99971616,1.0093412,0.05208212,0.04319541,0.0051347595
1.7917379,0.1468563,0.503364,0.8952643,-0.44514441,-0.018661298,0.4448935,0.89543754,-0.016168058,0.023907145,0.006172394,0.9996951,0.8804296,0.04101549,0.016135484,0.00032087974
1.797652,0.13313685,0.50999343,0.89667755,-0.4419766,-0.025020419,0.4418508,0.89702535,-0.01065148,0.027151654,-0.0015043487,0.9996302,0.7150463,0.033142164,-0.008138016,0.0051111113
1.8036361,0.11949047,0.5169843,0.89786226,-0.43933403,-0.028791936,0.43936405,0.8982915,-0.0056144586,0.028330175,-0.007609131,0.99956965,0.55008554,0.02478601,-0.0005298257,0.022470264
1.8097032,0.10588533,0.5240503,0.89903873,-0.43672484,-0.031634416,0.43690193,0.89950794,-0.001445882,0.029086864,-0.012521233,0.9994985,0.41859016,0.010129854,0.0132584125,0.04596874
1.815867,0.09229869,0.53094476,0.90046537,-0.43349054,-0.035327956,0.43380082,0.90100795,0.0012505604,0.03128866,-0.016451381,0.999375,0.32934698,-0.008139446,0.021173522,0.062556595
1.8221378,0.078716375,0.5374893,0.90233076,-0.42915893,-0.040272046,0.42958325,0.9030248,0.0021112012,0.035460617,-0.0192052,0.9991865,0.2847445,-0.025852993,0.019039229,0.06598441
1.8285233,0.06513442,0.5435806,0.9046458,-0.4237181,-0.04559596,0.42418903,0.9055734,0.00072343275,0.040983953,-0.019995755,0.9989597,0.2727678,-0.040781528,0.012736782,0.059076965
1.8350319,0.051552273,0.549172,0.907265,-0.41752523,-0.05042687,0.41793647,0.9084726,-0.0025994517,0.046896763,-0.018716836,0.9987244,0.28172398,-0.052275956,0.0062624067,0.050443217
1.8416774,0.037975714,0.5542609,0.9099984,-0.4110114,-0.054520372,0.41122684,0.9115003,-0.0077260686,0.052870836,-0.01538953,0.99848276,0.30143583,-0.06087488,0.003469184,0.046596676
1.8484778,0.024414,0.55886745,0.91271806,-0.40446553,-0.05790837,0.40435344,0.9144931,-0.014164294,0.058685772,-0.010487443,0.9982214,0.3294439,-0.064749464,-0.0015836656,0.049072623
1.8554552,0.010881469,0.563028,0.9154088,-0.39791128,-0.060773235,0.39735425,0.9174131,-0.021513686,0.0643147,-0.0044546863,0.99791974,0.35144225,-0.06810473,0.000885129,0.05265706
1.8626301,-0.002603867,0.56678057,0.9180886,-0.391264,-0.06344913,0.39016497,0.9202758,-0.029389706,0.06988983,0.0022267264,0.9975522,0.37081224,-0.06720798,-0.0022393614,0.057081945
1.870025,-0.016020434,0.57015634,0.9207976,-0.3844214,-0.06596939,0.3827048,0.9231115,-0.03744462,0.07529162,0.00923212,0.99711883,0.3780722,-0.064642705,0.0015874952,0.05722125
1.8776598,-0.029345969,0.5731746,0.92351425,-0.3773698,-0.06865474,0.37498307,0.9259222,-0.045340925,0.080679245,0.016128626,0.9966096,0.3824504,-0.057664335,-0.0020156056,0.056601666
1.8855501,-0.04255756,0.57584274,0.9262341,-0.37016618,-0.07118506,0.36710054,0.9286896,-0.052657537,0.08560086,0.022641137,0.99607223,0.37656724,-0.052124523,0.0025121123,0.052947685
1.8937138,-0.055634223,0.5781573,0.9288754,-0.36293185,-0.073966146,0.35919356,0.931381,-0.0592403,0.09039085,0.028458696,0.9954997,0.3724873,-0.046033576,-0.0006403625,0.05209309
1.9021627,-0.0685553,0.58011067,0.9314399,-0.35574028,-0.07660707,0.35136092,0.9339785,-0.06503578,0.09468521,0.033660185,0.994938,0.36639532,-0.043518424,-4.3734908e-05,0.05153016
1.9109123,-0.08130237,0.58169556,0.9339082,-0.34860864,-0.079293564,0.34360364,0.9364824,-0.07026536,0.09875215,0.038375836,0.99437183,0.3650733,-0.041031465,-0.0037395805,0.053103328
1.9199729,-0.09385786,0.58290714,0.93633544,-0.3414932,-0.08159873,0.33588818,0.93890536,-0.075072095,0.102250084,0.04288462,0.9938339,0.3665274,-0.03933642,-0.0046561807,0.053740643
1.9293586,-0.106206425,0.58374584,0.93871355,-0.33436272,-0.08377616,0.3281679,0.9412612,-0.07958111,0.10546421,0.04721122,0.99330175,0.37381974,-0.036379986,-0.007467672,0.053633414
1.9390776,-0.11833279,0.5842185,0.9410752,-0.3271979,-0.085551195,0.32044646,0.94355655,-0.08375708,0.108127534,0.05140713,0.99280703,0.38598666,-0.03268805,-0.009495065,0.05205258
1.9491403,-0.13022289,0.5843404,0.94338983,-0.32003847,-0.08712608,0.31276947,0.94578844,-0.0875185,0.110412136,0.055313684,0.9923455,0.401832,-0.028437585,-0.011732981,0.04957001
1.9595549,-0.1418624,0.58413386,0.9456587,-0.312941,-0.08830413,0.30521977,0.94794434,-0.090788014,0.1121187,0.058902305,0.99194753,0.4200231,-0.023522176,-0.014757976,0.047032222
1.9703281,-0.15323839,0.583626,0.9478545,-0.3059717,-0.08918021,0.29787424,0.9500168,-0.09348303,0.113325864,0.06204383,0.9916188,0.4362934,-0.018872973,-0.0164617,0.044407904
1.9814653,-0.16433848,0.5828453,0.9499761,-0.29917344,-0.08967003,0.29078743,0.9520001,-0.09559555,0.11396553,0.06473857,0.9913732,0.4499852,-0.0131263025,-0.018869087,0.043067835
1.9929698,-0.17515294,0.58181626,0.95201194,-0.29257193,-0.08986054,0.2839915,0.9539018,-0.09705734,0.11411439,0.06688013,0.99121386,0.45831653,-0.007074911,-0.01930295,0.041834027
2.004842,-0.18567441,0.58055687,0.9539653,-0.2861568,-0.089802705,0.27748153,0.9557392,-0.0978093,0.11381676,0.068388075,0.9911452,0.46416223,-0.00014159828,-0.020831779,0.039976954
2.0170815,-0.19589849,0.57907933,0.955832,-0.27994,-0.08954794,0.2712757,0.9575232,-0.09776934,0.113113776,0.06915888,0.9911722,0.46832746,0.005810179,-0.022348829,0.0371771
2.0296838,-0.20582286,0.5773932,0.95761716,-0.27393794,-0.08903601,0.26539296,0.9592544,-0.09694183,0.111964226,0.06920363,0.99129957,0.4725212,0.010078065,-0.024600461,0.03422936
2.0426447,-0.21544722,0.5755079,0.9593163,-0.26819402,-0.08822803,0.25986004,0.9609148,-0.095475495,0.110385574,0.06866426,0.99151415,0.47850114,0.01295238,-0.027617037,0.032165416
2.0559564,-0.22477299,0.57343453,0.96094364,-0.2627147,-0.086996034,0.25467056,0.96249366,-0.093535155,0.10830619,0.06772669,0.9918079,0.48559624,0.014422938,-0.028890237,0.03021284
2.0696127,-0.23380311,0.5711875,0.9624902,-0.25750673,-0.08545703,0.24979712,0.9639818,-0.091326766,0.105896264,0.0665542,0.99214745,0.49608576,0.01639171,-0.031680852,0.028758382
2.0836027,-0.24254188,0.5687836,0.9639724,-0.25254995,-0.083520964,0.24521887,0.96538466,-0.088883266,0.103077315,0.0652001,0.99253416,0.50695825,0.017511383,-0.031863794,0.026322117
2.0979173,-0.25099427,0.566243,0.9653706,-0.2478606,-0.08139277,0.24092574,0.96669924,-0.086297885,0.100072175,0.06369982,0.992939,0.5197728,0.019626096,-0.034040287,0.024058586
2.112546,-0.25916603,0.56358755,0.9666975,-0.24344136,-0.078944355,0.23693293,0.9679309,-0.0835013,0.09674035,0.062015984,0.9933757,0.5308106,0.020566612,-0.033577457,0.021494443
2.1274767,-0.26706338,0.56083953,0.96792907,-0.2393212,-0.076411225,0.23324287,0.9690739,-0.08058213,0.09333313,0.060175415,0.99381477,0.5413406,0.021932006,-0.035182036,0.019825386
2.1426964,-0.27469346,0.5580192,0.96908516,-0.23548695,-0.07361971,0.22985446,0.9701345,-0.07749901,0.089671016,0.058181323,0.9942706,0.54910076,0.022296175,-0.03444326,0.018259874
2.158192,-0.28206375,0.5551446,0.9701488,-0.23193899,-0.07082094,0.22674015,0.9711117,-0.074370325,0.08602442,0.056092337,0.99471277,0.5555905,0.023186885,-0.03502427,0.016844833
2.173947,-0.28918293,0.5522293,0.97114295,-0.22864443,-0.067846395,0.22388016,0.9720169,-0.07114016,0.08221364,0.053897806,0.9951562,0.56119454,0.023564517,-0.03417576,0.015421754
2.1899493,-0.29605997,0.5492857,0.9720513,-0.22560751,-0.06494187,0.22125669,0.97284925,-0.06789544,0.07849637,0.05162903,0.9955766,0.5671644,0.023871213,-0.033884853,0.013733363
2.2061827,-0.3027042,0.5463257,0.97289306,-0.2228058,-0.061941292,0.21885915,0.97361636,-0.06459056,0.0746982,0.049283285,0.9959876,0.57479846,0.023948565,-0.03319364,0.0124562215
2.2226317,-0.30912495,0.5433625,0.9736557,-0.2202455,-0.05904676,0.21667685,0.97431636,-0.061309807,0.07103343,0.046900578,0.99637073,0.58298755,0.023608625,-0.03183008,0.010627588
2.239283,-0.31533185,0.54041106,0.9743521,-0.21791314,-0.056140766,0.21470393,0.9749536,-0.058032002,0.06738058,0.04448996,0.9967349,0.5924275,0.023654856,-0.03134451,0.009759048
2.2561238,-0.32133448,0.53748786,0.97497547,-0.21580972,-0.05337615,0.21293151,0.9755286,-0.054810107,0.06389851,0.04207305,0.9970691,0.59961295,0.023175165,-0.029179052,0.008083953
2.273138,-0.32714278,0.53460824,0.97553647,-0.21391743,-0.05067511,0.21134824,0.97604704,-0.05161456,0.060502548,0.03964179,0.99738055,0.6060554,0.023609683,-0.028937891,0.007539073
2.2903144,-0.33276677,0.53178483,0.97603405,-0.21222919,-0.048128165,0.209944,0.9765122,-0.048451968,0.05728066,0.03718655,0.99766535,0.6085572,0.023207106,-0.026284352,0.0058352854
2.3076377,-0.33821684,0.5290258,0.9764754,-0.21073101,-0.045696862,0.20870887,0.9769282,-0.0452984,0.054188333,0.034695435,0.9979278,0.6108047,0.023707718,-0.026381664,0.0053618606
2.325095,-0.34350353,0.52633613,0.9768626,-0.20941654,-0.043406714,0.20763645,0.9772972,-0.042157505,0.05124974,0.032169275,0.99816763,0.6105764,0.022952564,-0.023568861,0.0037863534
2.3426774,-0.34863764,0.52371824,0.97720015,-0.2082741,-0.04125251,0.20671575,0.97762173,-0.039043218,0.04846104,0.029625494,0.9983856,0.61228347,0.023033857,-0.023992084,0.0037036818
2.3603697,-0.35362968,0.52117425,0.9774935,-0.20729013,-0.03920797,0.20593426,0.9779044,-0.035975493,0.045799006,0.027091546,0.99858326,0.6131388,0.02176579,-0.021343902,0.0024195518
2.3781624,-0.35849017,0.51870674,0.97774625,-0.20644894,-0.03729737,0.20527524,0.97814804,-0.032992646,0.043293644,0.024602208,0.99875945,0.61656725,0.021372415,-0.022298321,0.0023397524
2.3960452,-0.36322933,0.5163201,0.9779655,-0.20573702,-0.035437133,0.20472796,0.97835565,-0.03011223,0.04086532,0.022193747,0.9989182,0.61890686,0.019793347,-0.019902274,0.0010440741
2.4140081,-0.36785692,0.5140196,0.97815126,-0.2051473,-0.033685077,0.20428401,0.978529,-0.027368624,0.03857642,0.019889332,0.9990577,0.6226022,0.019239761,-0.020939723,0.0010468271
2.432041,-0.37238255,0.5118106,0.97830975,-0.20466912,-0.031946823,0.20393631,0.9786711,-0.024756335,0.036332287,0.017704248,0.99918294,0.6240498,0.017757282,-0.018745169,0.000116037205
2.4501355,-0.37681547,0.5096976,0.97844046,-0.20429255,-0.030312348,0.20367393,0.978785,-0.022290166,0.034222987,0.015635764,0.9992919,0.6255864,0.017214634,-0.019720748,0.00032297336
2.4682822,-0.3811642,0.50768286,0.9785503,-0.20400223,-0.028677752,0.2034851,0.97887474,-0.019953,0.032142382,0.013689518,0.9993895,0.6248766,0.015765168,-0.017831132,-0.00035595335
2.4864736,-0.38543692,0.50576735,0.9786392,-0.20378624,-0.027139949,0.20335713,0.9789436,-0.017759077,0.030187534,0.011860626,0.99947387,0.6246389,0.014896005,-0.018801615,-0.00012656488
2.5047019,-0.3896413,0.5039502,0.9787135,-0.20363124,-0.025577344,0.2032794,0.97899485,-0.01570261,0.028237632,0.01016901,0.9995495,0.62349975,0.013122775,-0.017342106,-0.00061621703
2.5229576,-0.39378434,0.50223,0.9787727,-0.20352802,-0.024090169,0.20324135,0.97903097,-0.013829002,0.02639961,0.008639332,0.9996141,0.62362957,0.011823885,-0.018350005,-0.00039338507
2.541235,-0.39787233,0.50060606,0.9788222,-0.20346598,-0.0225559,0.20323457,0.97905487,-0.012140947,0.024553735,0.007299689,0.9996719,0.623636,0.0099314,-0.017347172,-0.0007894505
2.5595245,-0.40191063,0.49907815,0.9788611,-0.20343897,-0.02105964,0.2032525,0.9790682,-0.010668023,0.022789117,0.0061620884,0.9997213,0.62466013,0.008532152,-0.018251643,-0.00070505776
2.5778196,-0.40590397,0.49764708,0.9788928,-0.20344208,-0.019498378,0.20329244,0.979073,-0.009392155,0.021001097,0.0052300403,0.99976575,0.6252843,0.006816849,-0.017611116,-0.0011298079
2.5961134,-0.40985647,0.49631387,0.97891563,-0.20347436,-0.017954929,0.20335351,0.9790698,-0.008336937,0.019275485,0.00450996,0.999804,0.6260705,0.005609587,-0.018429443,-0.0013060663
2.6143992,-0.41377118,0.4950791,0.9789308,-0.20353791,-0.016337398,0.20344019,0.97905904,-0.0074535673,0.017512359,0.0039728433,0.99983877,0.62601787,0.0042976886,-0.018146321,-0.0020495672
2.6326706,-0.41765052,0.49394333,0.978935,-0.20364149,-0.014712787,0.2035615,0.97903883,-0.006760445,0.015781097,0.003623079,0.9998689,0.6254045,0.003891766,-0.018831387,-0.0031615067
2.6509197,-0.4214965,0.49290466,0.97892475,-0.20380673,-0.013004709,0.20374164,0.97900534,-0.006161511,0.013987437,0.0033820549,0.99989647,0.6233376,0.0038631186,-0.018374309,-0.0052546877
2.6691382,-0.4253106,0.49196061,0.9788901,-0.20407443,-0.0113035645,0.20402186,0.97895014,-0.0056362823,0.012215848,0.003211127,0.99992025,0.620609,0.0047785565,-0.018738419,-0.007900501
2.6873195,-0.42909423,0.49110553,0.9788198,-0.20450087,-0.009548054,0.20446043,0.9788618,-0.0050458675,0.010378111,0.0029867955,0.9999417,0.6174406,0.0060847104,-0.018408403,-0.011527771
2.7054553,-0.43284857,0.4903338,0.9786983,-0.2051548,-0.007815515,0.20512573,0.97872585,-0.0043646917,0.008544684,0.0026685533,0.99995995,0.61503005,0.008346856,-0.019004166,-0.01593119
2.7235374,-0.4365761,0.48963943,0.9785087,-0.20611802,-0.0060044215,0.20610026,0.9785248,-0.003448253,0.0065862224,0.002136633,0.99997604,0.61381125,0.011425972,-0.018889531,-0.021648543
2.741558,-0.4402791,0.48901856,0.97822857,-0.207488,-0.0041982196,0.2074801,0.9782367,-0.002239819,0.004571588,0.0013200077,0.9999887,0.6144258,0.015847683,-0.019825116,-0.028478788
2.7595086,-0.44396207,0.4884692,0.9778323,-0.20937732,-0.0022668752,0.20937659,0.97783494,-0.0005554764,0.002332934,6.8532165e-05,0.99999726,0.6165012,0.021787196,-0.019954681,-0.037195906
2.7773793,-0.44763088,0.4879923,0.97728604,-0.21192423,-0.00033271106,0.2119245,0.97728455,0.0017401553,-4.3627664e-05,-0.0017711391,0.99999845,0.6203263,0.030039012,-0.021448106,-0.048072666
2.795158,-0.45129412,0.48759076,0.9765456,-0.2153033,0.0018008697,0.2152924,0.9765372,0.004921493,-0.0028182298,-0.0044183484,0.9999863,0.6260736,0.041844845,-0.021687016,-0.062760726
2.8128324,-0.4549642,0.48727015,0.9755498,-0.2197437,0.003914134,0.21970022,0.9755229,0.009324692,-0.0058673695,-0.008236765,0.99994886,0.63498366,0.058407128,-0.023780465,-0.08206949
2.8303857,-0.4586589,0.48703948,0.9742067,-0.22556958,0.0062972787,0.2254522,0.97413146,0.015465382,-0.009622897,-0.013646743,0.9998606,0.6474087,0.079484314,-0.02381964,-0.10672793
2.8478024,-0.4624033,0.4869125,0.9723945,-0.23318683,0.008532892,0.2329297,0.97219867,0.02394892,-0.013880239,-0.021300236,0.99967676,0.66055816,0.0969328,-0.025131278,-0.13088247
2.865059,-0.46622685,0.48691028,0.96996754,-0.24298565,0.010998751,0.242481,0.9695302,0.034843843,-0.019130176,-0.031130407,0.99933225,0.6672751,0.10815485,-0.023041353,-0.15625688
2.8821347,-0.4701669,0.4870517,0.96679443,-0.2552289,0.012910824,0.2543627,0.965929,0.047756445,-0.024659764,-0.042886633,0.99877554,0.6610279,0.11094344,-0.0242353,-0.1847924
2.8990057,-0.4742621,0.48734283,0.9626895,-0.27019924,0.014876291,0.26883003,0.9612087,0.061710484,-0.030973347,-0.055408843,0.9979832,0.63273585,0.10413642,-0.021974131,-0.22483769
2.9156494,-0.47855464,0.48776007,0.9574142,-0.28827402,0.016003579,0.28632218,0.95513594,0.07572941,-0.037116412,-0.067922235,0.997,0.56703657,0.08121212,-0.022687823,-0.2881292
2.9320383,-0.48307663,0.4882353,0.9504909,-0.31029838,0.01679103,0.30771977,0.9473705,0.08830371,-0.043307826,-0.07876494,0.99595207,0.4640427,0.04651475,-0.023695782,-0.3744879
2.9481556,-0.487851,0.48863363,0.9412326,-0.3373754,0.016093085,0.33429426,0.9373265,0.09831818,-0.048254617,-0.08716045,0.9950249,0.3421544,0.0019445047,-0.03988032,-0.46736014
2.9639795,-0.4928781,0.48878056,0.9286188,-0.37072936,0.015064057,0.36727676,0.9242183,0.104539,-0.052678153,-0.0915442,0.9944067,0.2057541,-0.04557684,-0.070199296,-0.567497
2.979497,-0.49813765,0.4884905,0.91138536,-0.41127414,0.015176798,0.40755302,0.9070408,0.10572404,-0.057247534,-0.09016999,0.9942797,0.046699733,-0.100330904,-0.121240154,-0.67486006
2.994695,-0.50358194,0.487574,0.8879012,-0.45962816,0.019323383,0.45564556,0.8844428,0.10073686,-0.06339193,-0.080639765,0.9947254,-0.1404981,-0.17615396,-0.17016236,-0.78702766
